Carimbo de data/hora,Por qual meio de divulgação você conheceu a FMP? ,Município de residência,"Se você for morador de Palhoça, selecione o bairro em que você mora. Se morador de outra cidade, preencha bairro e cidade em ""Outros"".",Em que ano/semestre você ingressou na FMP?,Qual curso você faz na FMP?,Qual sua nacionalidade?,Qual a sua faixa etária?,Qual sua cor/raça?,Como você se identifica com relação a seu gênero?,Possui filhos/dependentes?,"Se sim, quantos filhos você possui?",Você concluiu o Ensino Médio em:,Qual a sua escolaridade?,"Se você possui outra graduação, diga qual.","Algum de seus pais ou responsável possui ensino superior completo? Se sim, quem? ",Você possui algum diagnóstico/investigação de deficiência que necessite de adaptação pedagógica?,"Deficiência. Se sim, qual?",Você está trabalhando?,Você trabalha na área do curso em que está matriculado?,Qual sua principal atividade?,Qual sua jornada diária de trabalho?,Qual renda per capita familiar?,Qual sua situação de moradia?,Como você realiza o trajeto até a FMP?,Você tem acesso à internet em casa?,Você possui computador/notebook pessoal?,Você enfrenta dificuldades no uso de tecnologias digitais aplicadas ao seu curso de graduação?  ,Você pratica alguma atividade física?,Você encontra alguma dificuldade ou limitação para frequentar o curso?,"Dificuldade ou limitação. Se sim, qual?",Você segue a FMP nas redes sociais?,Qual meio de comunicação você mais usa para se informar?
03/10/2025 12:06:02,"Amigos/familiares, Outros",Palhoça,Pedra Branca,2023/01,Tecnólogo em Análise e Desenvolvimento de Sistemas,Brasileira,Entre 34 e 39 anos,Branca,Feminino,Não,,Escola particular,Pós Graduação,,"Sim, o pai",Não,,Sim,Sim,Autônomo(a),8 horas,Prefiro não responder,Moro sozinho/a em residência própria,Carro,Sim,Sim,Não,Sim,Não,,Sim,"Jornais/revistas, Redes Sociais"
03/10/2025 19:31:34,"Redes sociais, Amigos/familiares, Sites da FMP",Palhoça,Praia de Fora,2021/01,Pedagogia,Brasileira,Entre 22 e 26 anos,Branca,Masculino,Não,,Escola pública,Pós Graduação,PG,"Sim, a mãe",Não,,Sim,Sim,MEI (Microempreendedor individual),indefinido,De 1 a 3 salários mínimos,Moro com a família em residência própria,Ônibus,Sim,Não,Não,Sim,Não,,Não,"Jornais/revistas, Whatsapp, Youtube"
03/10/2025 19:31:56,Amigos/familiares,Palhoça,Praia de Fora,2024/02,Tecnólogo em Análise e Desenvolvimento de Sistemas,Brasileira,Entre 16 e 21 anos,Branca,Masculino,Não,,Escola pública,Ensino Médio,,Não,Não,,Sim,Sim,Estagiário(a),6 horas,De 4 a 6 salários mínimos,Moro com a família em residência própria,Ônibus,Sim,Sim,Não,Não,Não,,Sim,"Redes Sociais, Whatsapp"
03/10/2025 19:32:37,Redes sociais,Palhoça,Bela Vista,2022/01,Administração,Brasileira,Entre 16 e 21 anos,Branca,Masculino,Não,,Escola particular,Ensino Médio,,"Sim, ambos",Não,,Sim,Sim,Colaborador(a) de empresa privada,8 horas,Prefiro não responder,Moro com a família em residência própria,Carro,Sim,Sim,Não,Sim,Não,,Sim,Redes Sociais
03/10/2025 19:34:17,Amigos/familiares,Palhoça,São Sebastião,2024/02,Tecnólogo em Processos Gerenciais,Brasileira,Entre 16 e 21 anos,Parda,Masculino,Não,,Escola pública,Ensino Médio,Nao,Não,Não,Nao,Sim,Sim,Estagiário(a),4 horas,De 4 a 6 salários mínimos,Moro com a família em residência própria,Ônibus,Sim,Sim,Não,Sim,Não,Nao,Sim,"Redes Sociais, Whatsapp, Youtube"
03/10/2025 19:34:58,Amigos/familiares,Palhoça,Guarda do Cubatão,2025/01,Pós Graduação em Gestão Escolar,Brasileira,Entre 27 e 33 anos,Branca,Feminino,Sim,2,Escola pública,Pós Graduação,,Não,Não,,Sim,Sim,Funcionário(a) Público(a),4 horas,Mais de 6 salários mínimos,Moro com a família em residência própria,Moto,Sim,Sim,Não,Sim,Não,,Sim,"Rádio, Redes Sociais, Televisão, Whatsapp"
03/10/2025 19:35:30,Amigos/familiares,Palhoça,Bela Vista,2023/01,Pedagogia,Brasileira,Entre 22 e 26 anos,Branca,Feminino,Não,,Escola particular,Ensino Médio,,"Sim, ambos",Não,,Sim,Sim,Colaborador(a) de empresa privada,6 horas,Mais de 6 salários mínimos,Moro com a família em residência própria,"Carro, Ônibus",Sim,Sim,Não,Não,Sim,,Sim,"Redes Sociais, Whatsapp"
03/10/2025 19:38:18,Redes sociais,Palhoça,Centro,2023/01,Pedagogia,Brasileira,Entre 46 e 50 anos,Branca,Feminino,Não,,De forma mista,Ensino Médio,,Não,Não,,Não,Não,Desempregado(a)/Só estudo,indefinido,Mais de 6 salários mínimos,Moro com a família em residência própria,Carro,Sim,Sim,Não,Não,Não,,Sim,"Redes Sociais, Televisão"
03/10/2025 19:42:06,"Redes sociais, Amigos/familiares",Palhoça,São Sebastião,2023/01,Pedagogia,Brasileira,Entre 27 e 33 anos,Prefiro não declarar,Prefiro não declarar,Sim,2,De forma mista,Ensino Médio,,Não,Não,,Sim,Não,Colaborador(a) de empresa privada,8 horas,De 1 a 3 salários mínimos,Moro com a família em residência própria,Ônibus,Sim,Sim,Não,Não,Sim,Tempo ,Sim,"Redes Sociais, Whatsapp"
03/10/2025 19:43:31,Redes sociais,Palhoça,Barra do Aririú,2025/02,Pedagogia,Brasileira,Entre 27 e 33 anos,Branca,Feminino,Sim,1,Escola pública,Ensino Médio,Não ,Não,Não,Não ,Sim,Sim,Colaborador(a) de empresa privada,8 horas,De 1 a 3 salários mínimos,Moro com a família em residência própria,"Carro, Moto",Sim,Sim,Não,Não,Não,Não ,Sim,"Redes Sociais, Whatsapp"
03/10/2025 19:44:06,Amigos/familiares,Palhoça,Bela Vista,2024/01,Tecnólogo em Análise e Desenvolvimento de Sistemas,Brasileira,Entre 16 e 21 anos,Parda,Feminino,Não,,Escola pública,Ensino Médio,,"Sim, a mãe",Não,,Sim,Sim,Estagiário(a),4 horas,Menos de 1 salário mínimo,Moro com a família em residência própria,Moto,Sim,Sim,Não,Não,Não,,Sim,"Jornais/revistas, Redes Sociais, Televisão, Whatsapp"
03/10/2025 19:47:23,Sites da FMP,Palhoça,Bela Vista,2024/01,Pedagogia,Brasileira,Entre 27 e 33 anos,Parda,Feminino,Sim,2,Escola pública,Ensino Médio,,Não,Não,,Sim,Sim,Colaborador(a) de empresa privada,6 horas,De 1 a 3 salários mínimos,Moro com a família em residência alugada,Ônibus,Sim,Sim,Não,Não,Não,,Sim,Televisão
03/10/2025 19:49:03,Amigos/familiares,Palhoça,Ponte do Imaruim,2017/01,Pedagogia,Brasileira,Entre 27 e 33 anos,Preta,Feminino,Não,,Escola pública,Ensino Médio,,"Sim, a mãe",Não,,Sim,Não,Colaborador(a) de empresa privada,8 horas,De 4 a 6 salários mínimos,Moro com a família em residência alugada,Aplicativo de transporte,Sim,Sim,Não,Não,Sim,"já pensei em várias vezes desistir do curso e ninguém se importa, fazem muita campanha para apresentar a faculdade para a comunidade mas pouco se importam em manter esse discente na faculdade. querem dados? entrem na primeira fase de qualquer curso, vão se deparar com uma sala de aula lotada, e nas últimas fases, você conta nos dedos. ",Não,"Rádio, Redes Sociais"
03/10/2025 19:49:11,Amigos/familiares,Palhoça,São Sebastião,2025/02,Tecnólogo em Análise e Desenvolvimento de Sistemas,Brasileira,Entre 34 e 39 anos,Branca,Feminino,Sim,3,Escola particular,Superior Completo,Recursos Humanos,Não,Não,,Sim,Não,Autônomo(a),6 horas,De 1 a 3 salários mínimos,Moro com a família em residência alugada,Carro,Sim,Sim,Não,Não,Não,,Sim,"Rádio, Redes Sociais"
03/10/2025 19:49:20,Amigos/familiares,Palhoça,Madri,2023/02,Administração,Brasileira,Entre 34 e 39 anos,Branca,Feminino,Não,,Escola pública,Superior Completo,Tecnóloga em gestao de Turismo,Não,Sim,,Sim,Sim,Colaborador(a) de empresa privada,8 horas,De 1 a 3 salários mínimos,Moro com a família em residência própria,Ônibus,Sim,Sim,Sim,Sim,Não,,Sim,"Redes Sociais, Youtube"
03/10/2025 20:05:34,Divulgação na escola,São José,Não moro,2025/01,Tecnólogo em Processos Gerenciais,Brasileira,Entre 40 e 45 anos,Branca,Feminino,Não,,Escola pública,Ensino Médio,,Não,Não,,Não,Não,Desempregado(a)/Só estudo,indefinido,De 1 a 3 salários mínimos,Moro com a família em residência própria,Moto,Sim,Sim,Não,Sim,Sim,"Tenho TAG, depressão e fobia social, as vezes preciso pegar licença ",Sim,"Jornais/revistas, Redes Sociais, Televisão"
03/10/2025 20:17:14,"Redes sociais, Amigos/familiares",Palhoça,Centro,2024/01,Tecnólogo em Análise e Desenvolvimento de Sistemas,Brasileira,Entre 27 e 33 anos,Branca,Feminino,Não,,Escola particular,Superior Completo,Arquitetura ,"Sim, ambos",Não,,Sim,Sim,Estagiário(a),6 horas,Prefiro não responder,Moro com a família em residência própria,"A pé, Carro, Ônibus",Sim,Sim,Não,Não,Não,,Sim,"Redes Sociais, Whatsapp"
03/10/2025 20:25:13,Outros,Palhoça,Bela Vista,2024/02,Tecnólogo em Análise e Desenvolvimento de Sistemas,Brasileira,Entre 27 e 33 anos,Preta,Feminino,Sim,2,Escola pública,Ensino Médio,Não ,Não,Não,Não ,Sim,Não,MEI (Microempreendedor individual),6 horas,De 1 a 3 salários mínimos,Moro com a família em residência própria,Carro,Sim,Sim,Não,Não,Sim,Dificuldade nas disciplinas ,Sim,Whatsapp
03/10/2025 20:30:53,"Amigos/familiares, Divulgação na escola",Palhoça,Ponte do Imaruim,2024/02,Tecnólogo em Análise e Desenvolvimento de Sistemas,Brasileira,Entre 16 e 21 anos,Preta,Feminino,Não,,Escola pública,Ensino Médio,,"Não, Sim, a mãe",Não,,Não,Não,Desempregado(a)/Só estudo,indefinido,Prefiro não responder,Moro com a família em residência alugada,"A pé, Carro",Sim,Não,Sim,Não,Sim,,Sim,"Jornais/revistas, Redes Sociais, Televisão, Whatsapp"
03/10/2025 21:03:16,Outros,Palhoça,Ponte do Imaruim,2024/01,Tecnólogo em Análise e Desenvolvimento de Sistemas,Estrangeira,Entre 22 e 26 anos,Preta,Masculino,Não,,Escola particular,Ensino Médio,,"Sim, o pai",Não,,Não,Não,Desempregado(a)/Só estudo,indefinido,Prefiro não responder,Moro sozinho/a em residência alugada,A pé,Sim,Sim,Não,Sim,Não,,Sim,"Redes Sociais, Televisão, Whatsapp"
03/10/2025 21:03:46,"Amigos/familiares, Divulgação na escola, Outros",Palhoça,Praia de Fora,2025/02,Pedagogia,Brasileira,Entre 16 e 21 anos,Branca,Feminino,Não,,Escola pública,Ensino Médio,,Não,Não,,Sim,Não,Estagiário(a),6 horas,De 1 a 3 salários mínimos,Moro com a família em residência própria,A pé,Sim,Sim,Não,Não,Não,,Sim,Whatsapp
03/10/2025 21:05:44,Amigos/familiares,Palhoça,Ponte do Imaruim,2024/01,Tecnólogo em Análise e Desenvolvimento de Sistemas,Brasileira,Entre 22 e 26 anos,Branca,Feminino,Não,,Escola pública,Superior Completo,Pedagogia,Não,Não,,Sim,Sim,Estagiário(a),4 horas,De 1 a 3 salários mínimos,Moro com a família em residência própria,"A pé, Bicicleta",Sim,Sim,Não,Sim,Não,,Sim,Redes Sociais
03/10/2025 22:01:16,Amigos/familiares,Palhoça,Passa Vinte,2022/02,Pedagogia,Brasileira,Entre 34 e 39 anos,Branca,Feminino,Sim,3,Escola pública,Ensino Médio,Magistério ,Não,Não,,Sim,Sim,Funcionário(a) Público(a),6 horas,De 1 a 3 salários mínimos,Moro com a família em residência própria,Carro,Sim,Sim,Não,Não,Sim,Responsabilidade com os filhos.( mãe solo).,Sim,Redes Sociais
03/10/2025 22:06:14,Redes sociais,São José,Não moro,2022/02,Administração,Brasileira,Entre 51 e 55 anos,Branca,Feminino,Sim,2,Escola pública,Ensino Médio,Técnico em ADM,Não,Não,,Sim,Sim,Estagiário(a),6 horas,Prefiro não responder,Moro com a família em residência alugada,Ônibus,Sim,Sim,Sim,Não,Não,,Sim,"Jornais/revistas, Redes Sociais, Televisão, Whatsapp, Youtube"
03/10/2025 22:53:19,Amigos/familiares,Palhoça,Pachecos,2024/02,Pedagogia,Brasileira,Entre 34 e 39 anos,Branca,Feminino,Sim,1,Escola pública,Ensino Médio,,Não,Não,,Sim,Não,Colaborador(a) de empresa privada,8 horas,De 1 a 3 salários mínimos,Moro com a família em residência alugada,Carro,Sim,Sim,Sim,Sim,Não,,Sim,"Jornais/revistas, Redes Sociais"
03/10/2025 23:18:17,Amigos/familiares,Palhoça,Pedra Branca,2025/01,Tecnólogo em Análise e Desenvolvimento de Sistemas,Brasileira,Entre 22 e 26 anos,Branca,Feminino,Sim,1,Escola pública,Ensino Médio,,Não,Não,,Não,Não,Desempregado(a)/Só estudo,indefinido,De 4 a 6 salários mínimos,Moro com a família em residência própria,Ônibus,Sim,Sim,Não,Sim,Não,,Não,Youtube
03/10/2025 23:55:56,Outros,Palhoça,Pachecos,2019/02,Pedagogia,Brasileira,Entre 34 e 39 anos,Preta,Feminino,Sim,2,Escola pública,Pós Graduação,Concluindo,Não,Não,,Sim,Não,MEI (Microempreendedor individual),8 horas,De 1 a 3 salários mínimos,Moro com a família em residência própria,"Carro, Moto",Sim,Sim,Sim,Sim,Não,,Sim,"Jornais/revistas, Redes Sociais, Televisão"
04/10/2025 01:43:04,Amigos/familiares,Palhoça,Centro,2025/01,Tecnólogo em Processos Gerenciais,Brasileira,Entre 27 e 33 anos,Branca,Masculino,Não,,Escola particular,Ensino Médio,,Não,Não,,Sim,Sim,Autônomo(a),indefinido,De 1 a 3 salários mínimos,Moro sozinho/a em residência própria,Carro,Sim,Sim,Não,Não,Não,,Não,Youtube
04/10/2025 05:17:37,Amigos/familiares,Palhoça,Ponte do Imaruim,2024/01,Pós Graduação em Gestão Empresarial,Brasileira,Entre 46 e 50 anos,Branca,Feminino,Sim,1,Escola pública,Pós Graduação,Ciências Contábeis,Não,Não,,Não,Não,Desempregado(a)/Só estudo,6 horas,De 1 a 3 salários mínimos,Moro com a família em residência própria,A pé,Sim,Sim,Não,Não,Não,,Sim,Youtube
04/10/2025 08:05:13,Amigos/familiares,Palhoça,Passa Vinte,2025/01,Pós Graduação em Gestão Empresarial,Brasileira,Entre 34 e 39 anos,Branca,Feminino,Sim,1,Escola pública,Superior Completo,Educação Física ,"Sim, a mãe",Não,,Sim,Não,Colaborador(a) de empresa privada,8 horas,Mais de 6 salários mínimos,Moro com a família em residência própria,Carro,Sim,Sim,Não,Sim,Não,,Sim,"Redes Sociais, Televisão"
04/10/2025 08:24:23,Redes sociais,Palhoça,São Sebastião,2024/01,Pedagogia,Brasileira,Entre 34 e 39 anos,Branca,Feminino,Sim,2,Escola pública,Ensino Médio,Não,Não,Não,,Sim,Não,Colaborador(a) de empresa privada,8 horas,De 1 a 3 salários mínimos,Moro sozinho/a em residência alugada,Ônibus,Sim,Sim,Não,Não,Não,,Sim,"Redes Sociais, Whatsapp"
04/10/2025 12:36:31,Amigos/familiares,São José,Não moro,2023/02,Tecnólogo em Análise e Desenvolvimento de Sistemas,Brasileira,Entre 16 e 21 anos,Branca,Masculino,Não,,Escola pública,Ensino Médio,,Não,Não,,Não,Não,Desempregado(a)/Só estudo,indefinido,Prefiro não responder,Moro com a família em residência alugada,Bicicleta,Sim,Sim,Não,Sim,Não,,Sim,Youtube
04/10/2025 14:39:09,Amigos/familiares,Palhoça,Madri,2025/01,Pós Graduação em Gestão Escolar,Brasileira,Entre 40 e 45 anos,Branca,Feminino,Sim,2,De forma mista,Pós Graduação,,Não,Não,,Sim,Sim,Colaborador(a) de empresa privada,indefinido,Mais de 6 salários mínimos,Moro com a família em residência própria,Carro,Sim,Sim,Não,Sim,Não,,Sim,"Televisão, Whatsapp"
04/10/2025 15:54:16,"Amigos/familiares, Outros",São José,Não moro,2024/02,Pedagogia,Brasileira,Entre 34 e 39 anos,Branca,Feminino,Sim,3,Escola pública,Ensino Médio,,Não,Não,,Sim,Não,MEI (Microempreendedor individual),8 horas,De 1 a 3 salários mínimos,Moro com a família em residência alugada,Carro,Sim,Não,Sim,Não,Sim,,Sim,"Jornais/revistas, Redes Sociais"
04/10/2025 16:29:37,Amigos/familiares,Palhoça,Barra do Aririú,2024/01,Pedagogia,Brasileira,Entre 40 e 45 anos,Branca,Feminino,Não,,Escola pública,Ensino Médio,,Não,Não,,Sim,Não,Colaborador(a) de empresa privada,8 horas,De 1 a 3 salários mínimos,Moro com a família em residência própria,Ônibus,Sim,Sim,Sim,Não,Sim,Informática ,Sim,"Redes Sociais, Whatsapp"
04/10/2025 17:13:46,Sites da FMP,Palhoça,Caminho Novo,2025/01,Tecnólogo em Análise e Desenvolvimento de Sistemas,Brasileira,Entre 22 e 26 anos,Preta,Feminino,Não,,Escola pública,Ensino Médio,,Não,Não,,Sim,Sim,Estagiário(a),6 horas,Menos de 1 salário mínimo,Moro com a família em residência alugada,Ônibus,Sim,Sim,Não,Não,Não,,Sim,Redes Sociais
04/10/2025 18:04:32,Redes sociais,Palhoça,Bela Vista,2025/01,Pedagogia,Brasileira,Entre 27 e 33 anos,Preta,Feminino,Sim,1,Escola pública,Ensino Médio,,Não,Não,,Sim,Não,Colaborador(a) de empresa privada,8 horas,De 1 a 3 salários mínimos,Moro com a família em residência alugada,Ônibus,Sim,Não,Não,Não,Não,,Sim,"Redes Sociais, Whatsapp"
04/10/2025 18:44:03,Redes sociais,Palhoça,Barra do Aririú,2022/02,Pedagogia,Brasileira,Entre 40 e 45 anos,Branca,Feminino,Sim,1,Escola pública,Superior Completo,Processos Gerências ,Não,Não,,Sim,Sim,Funcionário(a) Público(a),6 horas,De 1 a 3 salários mínimos,Moro com a família em residência própria,Carro,Sim,Sim,Não,Sim,Não,,Sim,"Jornais/revistas, Rádio, Redes Sociais, Televisão, Whatsapp"
04/10/2025 18:44:15,Amigos/familiares,Palhoça,Alto Aririú,2023/01,Pedagogia,Brasileira,Entre 46 e 50 anos,Branca,Feminino,Sim,2,Escola pública,Ensino Médio,,Não,Não,,Sim,Não,MEI (Microempreendedor individual),indefinido,De 4 a 6 salários mínimos,Moro com a família em residência própria,Ônibus,Sim,Sim,Sim,Não,Não,,Sim,Redes Sociais
04/10/2025 18:47:41,Outros,Palhoça,Bela Vista,2025/01,Tecnólogo em Processos Gerenciais,Brasileira,Entre 40 e 45 anos,Branca,Feminino,Sim,1,De forma mista,Superior Completo,Farmácia,"Sim, o pai",Não,,Não,Não,Desempregado(a)/Só estudo,indefinido,De 1 a 3 salários mínimos,Moro com a família em residência própria,Carro,Sim,Sim,Sim,Não,Sim,Financeiros,Sim,"Redes Sociais, Whatsapp"
04/10/2025 18:48:07,Outros,Palhoça,Pedra Branca,2024/01,Tecnólogo em Análise e Desenvolvimento de Sistemas,Brasileira,Entre 51 e 55 anos,Branca,Masculino,Não,,Escola pública,Superior Completo,Jornalismo,"Sim, a mãe",Não,,Sim,Não,Colaborador(a) de empresa privada,6 horas,Mais de 6 salários mínimos,Moro com a família em residência própria,Carro,Sim,Sim,Não,Sim,Não,,Sim,Jornais/revistas
04/10/2025 19:11:46,Amigos/familiares,São José,Não moro,2025/02,Pedagogia,,Entre 27 e 33 anos,Branca,Feminino,Não,,Escola particular,Superior Completo,ADMINISTRAÇÃO,Não,Não,,Não,Não,Desempregado(a)/Só estudo,indefinido,De 1 a 3 salários mínimos,Moro com a família em residência própria,Carro,Sim,Sim,Não,Não,Não,,Sim,Redes Sociais
04/10/2025 22:16:49,Amigos/familiares,Florianópolis,Não moro,2024/02,Pedagogia,Brasileira,Entre 27 e 33 anos,Branca,Feminino,Não,,Escola pública,Ensino Médio,,Não,Não,,Sim,Não,Colaborador(a) de empresa privada,8 horas,De 1 a 3 salários mínimos,Moro de forma compartilhada com colegas/amigos estrangeiros em residência própria,"Moto, Ônibus",Sim,Sim,Não,Sim,Sim,Moro longe,Sim,"Whatsapp, Youtube"
04/10/2025 23:32:03,"Redes sociais, Sites da FMP",Palhoça,São Sebastião,2025/01,Pedagogia,Brasileira,Entre 51 e 55 anos,Parda,Feminino,Não,,Escola pública,Pós Graduação,Recursos humanos,Não,Não,,Não,Não,Desempregado(a)/Só estudo,indefinido,De 1 a 3 salários mínimos,Moro com a família em residência própria,Carro,Sim,Sim,Não,Não,Não,,Sim,"Jornais/revistas, Redes Sociais, Televisão, Whatsapp, Youtube"
05/10/2025 00:46:22,Redes sociais,São José,Não moro,2025/01,Pós Graduação em Gestão Escolar,Brasileira,Entre 40 e 45 anos,Parda,Feminino,Sim,1,Escola pública,Superior Completo,,Não,Sim,,Sim,Sim,Funcionário(a) Público(a),8 horas,De 1 a 3 salários mínimos,Moro de forma compartilhada com colegas/amigos estrangeiros em residência alugada,Ônibus,Sim,Sim,Não,Sim,Sim,"A distância,o deslocamento, trânsito caótico. Moro em São José, trabalho no centro de Florianópolis e faço a pós na Palhoça",Sim,Redes Sociais
05/10/2025 07:47:18,Sites da FMP,Palhoça,Passa Vinte,2021/01,Tecnólogo em Análise e Desenvolvimento de Sistemas,Brasileira,Entre 51 e 55 anos,Branca,Masculino,Não,1,Escola pública,Superior Completo,Gestão hoteleira,Não,Não,,Sim,Não,Autônomo(a),indefinido,De 1 a 3 salários mínimos,Moro com a família em residência alugada,"A pé, Ônibus, Aplicativo de transporte",Sim,Sim,Sim,Sim,Sim,já tenho mais de 50 anos,Sim,"Redes Sociais, Televisão, Whatsapp, Youtube"
05/10/2025 10:06:08,Amigos/familiares,Palhoça,Enseada do Brito,2025/01,Tecnólogo em Análise e Desenvolvimento de Sistemas,Brasileira,Entre 27 e 33 anos,Branca,Masculino,Não,,De forma mista,Ensino Médio,,Não,Sim,altismo,Não,Não,Desempregado(a)/Só estudo,indefinido,Menos de 1 salário mínimo,Moro com a família em residência própria,Ônibus,Sim,Sim,Sim,Não,Não,,Não,Redes Sociais
05/10/2025 14:29:27,Amigos/familiares,Palhoça,Bela Vista,2024/01,Tecnólogo em Análise e Desenvolvimento de Sistemas,Brasileira,Entre 22 e 26 anos,Preta,Masculino,Não,,Escola pública,Ensino Médio,,Não,Não,,Sim,Não,Autônomo(a),4 horas,De 1 a 3 salários mínimos,Moro com a família em residência alugada,Moto,Sim,Sim,Não,Sim,Não,,Sim,Redes Sociais
05/10/2025 17:02:05,Amigos/familiares,Palhoça,Ponte do Imaruim,2025/02,Pedagogia,Brasileira,Entre 34 e 39 anos,Branca,Feminino,Sim,2,Escola particular,Ensino Médio,Tecnico em Agronegocio,"Sim, o pai",Não,,Não,Não,Do lar,indefinido,Prefiro não responder,Moro com a família em residência alugada,"A pé, Carro, Moto",Sim,Sim,Sim,Sim,Não,,Sim,"Rádio, Redes Sociais, Televisão, Whatsapp"
05/10/2025 17:06:24,Redes sociais,Palhoça,Bela Vista,2025/02,Tecnólogo em Processos Gerenciais,Brasileira,Entre 34 e 39 anos,Parda,Feminino,Sim,2,Escola pública,Ensino Médio,,Não,Não,,Sim,Não,Colaborador(a) de empresa privada,8 horas,De 1 a 3 salários mínimos,Moro com a família em residência própria,Carro,Sim,Sim,Sim,Não,Não,,Sim,Redes Sociais
05/10/2025 18:19:18,Outros,Palhoça,Pagani,2024/01,Pedagogia,Brasileira,Entre 34 e 39 anos,Branca,Feminino,Não,,Escola pública,Superior Completo,Letras-Inglês,Não,Não,,Sim,Sim,Estagiário(a),6 horas,De 1 a 3 salários mínimos,Moro de forma compartilhada com colegas/amigos estrangeiros em residência alugada,Carro,Sim,Sim,Não,Sim,Não,,Não,Redes Sociais
05/10/2025 19:00:24,Amigos/familiares,Palhoça,Centro,2025/02,Tecnólogo em Análise e Desenvolvimento de Sistemas,Brasileira,Entre 27 e 33 anos,Branca,Masculino,Não,,Escola pública,Superior Completo,Direito,Não,Não,,Sim,Não,Funcionário(a) Público(a),indefinido,De 4 a 6 salários mínimos,Moro sozinho/a em residência própria,"Bicicleta, Carro",Sim,Sim,Não,Sim,Não,,Sim,"Redes Sociais, Youtube"
05/10/2025 19:11:56,Outros,Palhoça,Barra do Aririú,2021/01,Pedagogia,Brasileira,Entre 40 e 45 anos,Branca,Feminino,Sim,1,Escola pública,Pós Graduação,Gestão de Recursos Humanos,Não,Não,,Sim,Sim,Funcionário(a) Público(a),8 horas,De 4 a 6 salários mínimos,Moro com a família em residência própria,Carro,Sim,Sim,Não,Sim,Não,,Sim,"Jornais/revistas, Rádio, Redes Sociais, Televisão"
05/10/2025 19:55:44,Amigos/familiares,Palhoça,Madri,2025/02,Pedagogia,Brasileira,Entre 40 e 45 anos,Branca,Feminino,Não,,Escola pública,Superior Completo,Graduacao tecnologica em gestao de marketing,Não,Não,Talvez dilexia,Não,Não,Do lar,indefinido,Prefiro não responder,Moro sozinho/a em residência própria,Ônibus,Sim,Sim,Não,Não,Sim,Distância,Sim,Redes Sociais
05/10/2025 20:22:50,Amigos/familiares,Santo Amaro da Imperatriz,Não moro,2024/01,Pós Graduação em Gestão Empresarial,Brasileira,Entre 27 e 33 anos,Branca,Feminino,Não,,Escola pública,Pós Graduação,Engenheira de Produção com MBA em Gestão de Produção e Qualidade,Não,Não,,Sim,Não,Colaborador(a) de empresa privada,8 horas,Mais de 6 salários mínimos,Moro com a família em residência própria,Moto,Sim,Sim,Não,Não,Não,,Sim,Redes Sociais
05/10/2025 22:35:34,Amigos/familiares,Palhoça,Ponte do Imaruim,2025/01,Tecnólogo em Análise e Desenvolvimento de Sistemas,Brasileira,Entre 16 e 21 anos,Branca,Feminino,Não,,Escola pública,Ensino Médio,,"Sim, a mãe",Não,,Sim,Não,Colaborador(a) de empresa privada,6 horas,De 4 a 6 salários mínimos,Moro com a família em residência alugada,"A pé, Carro",Sim,Sim,Não,Sim,Não,,Sim,"Redes Sociais, Whatsapp"
06/10/2025 05:05:41,Amigos/familiares,São José,Não moro,2023/02,Pedagogia,Brasileira,Acima de 56 anos,Branca,Feminino,Sim,4,Escola pública,Ensino Médio,,Não,Não,,Sim,Não,Colaborador(a) de empresa privada,8 horas,De 1 a 3 salários mínimos,Moro sozinho/a em residência alugada,Ônibus,Sim,Sim,Sim,Sim,Não,,Sim,"Jornais/revistas, Redes Sociais, Youtube"
06/10/2025 08:16:01,"Redes sociais, Amigos/familiares",Palhoça,Enseada do Brito,2023/02,Administração,Brasileira,Entre 22 e 26 anos,Branca,Feminino,Não,,Escola pública,Ensino Médio,,Não,Não,,Sim,Sim,Colaborador(a) de empresa privada,8 horas,De 1 a 3 salários mínimos,Moro sozinho/a em residência própria,"Carro, Ônibus",Sim,Sim,Não,Sim,Não,,Sim,Redes Sociais
06/10/2025 08:57:13,Amigos/familiares,Palhoça,São Sebastião,2024/01,Pedagogia,Brasileira,Entre 34 e 39 anos,Parda,Feminino,Não,,Escola pública,Superior Completo,ADM,Não,Não,,Sim,Não,Colaborador(a) de empresa privada,8 horas,De 1 a 3 salários mínimos,Moro com a família em residência própria,Moto,Sim,Sim,Não,Sim,Não,,Sim,"Redes Sociais, Televisão, Whatsapp, Youtube"
06/10/2025 09:33:01,"Amigos/familiares, Outros",Palhoça,Madri,2025/02,Tecnólogo em Análise e Desenvolvimento de Sistemas,Brasileira,Entre 16 e 21 anos,Preta,Masculino,Não,,Escola pública,Ensino Médio,,Não,Não,,Sim,Não,Colaborador(a) de empresa privada,8 horas,De 1 a 3 salários mínimos,Moro com a família em residência própria,Bicicleta,Sim,Não,Sim,Não,Não,,Não,"Jornais/revistas, Televisão"
06/10/2025 09:33:20,Redes sociais,Palhoça,Praia de Fora,2025/02,Tecnólogo em Processos Gerenciais,Brasileira,Entre 51 e 55 anos,Branca,Feminino,Sim,3,Escola pública,Pós Graduação,Serviço Social,Não,Não,,Não,Não,Desempregado(a)/Só estudo,indefinido,De 1 a 3 salários mínimos,Moro com a família em residência própria,Carro,Sim,Sim,Não,Não,Não,,Sim,"Rádio, Redes Sociais, Televisão"
06/10/2025 09:34:46,Amigos/familiares,São José,Não moro,2025/02,Tecnólogo em Análise e Desenvolvimento de Sistemas,Brasileira,Entre 22 e 26 anos,Branca,Masculino,Não,,De forma mista,Ensino Médio,,Não,Não,,Não,Não,Desempregado(a)/Só estudo,indefinido,De 1 a 3 salários mínimos,Moro sozinho/a em residência alugada,Carro,Sim,Sim,Não,Sim,Não,,Sim,"Jornais/revistas, Rádio, Youtube"
06/10/2025 09:37:20,Amigos/familiares,Palhoça,Caminho Novo,2025/02,Tecnólogo em Análise e Desenvolvimento de Sistemas,Brasileira,Entre 16 e 21 anos,Branca,Masculino,Não,,Escola pública,Ensino Médio,,"Sim, a mãe",Não,,Não,Não,Desempregado(a)/Só estudo,indefinido,De 1 a 3 salários mínimos,Moro com a família em residência própria,Ônibus,Sim,Sim,Não,Não,Não,,Não,Whatsapp
06/10/2025 09:38:36,Amigos/familiares,Palhoça,Ponte do Imaruim,2025/02,Tecnólogo em Análise e Desenvolvimento de Sistemas,Brasileira,Entre 27 e 33 anos,Branca,Masculino,Não,,Escola pública,Ensino Médio,,Não,Não,,Sim,Não,Colaborador(a) de empresa privada,8 horas,De 1 a 3 salários mínimos,Moro com a família em residência alugada,"A pé, Carro",Sim,Sim,Não,Não,Não,,Sim,"Redes Sociais, Televisão, Youtube"
06/10/2025 09:40:34,Divulgação na escola,São José,Ponte do Imaruim,2025/02,Tecnólogo em Análise e Desenvolvimento de Sistemas,Brasileira,Entre 22 e 26 anos,Prefiro não declarar,Masculino,Não,,De forma mista,Ensino Médio,,"Sim, a mãe",Não,,Sim,Não,MEI (Microempreendedor individual),6 horas,Prefiro não responder,Moro sozinho/a em residência própria,A pé,Sim,Sim,Não,Sim,Não,,Não,Redes Sociais
06/10/2025 10:03:38,Amigos/familiares,Palhoça,São Sebastião,2024/01,Tecnólogo em Processos Gerenciais,Brasileira,Entre 16 e 21 anos,Parda,Feminino,Não,,Escola pública,Ensino Médio,,"Sim, a mãe",Não,,Sim,Sim,Estagiário(a),6 horas,De 4 a 6 salários mínimos,Moro com a família em residência própria,Ônibus,Sim,Sim,Não,Sim,Não,,Sim,Whatsapp
06/10/2025 10:09:50,Amigos/familiares,Palhoça,Nova Palhoça,2021/01,Administração,Brasileira,Entre 34 e 39 anos,Branca,Feminino,Não,,Escola pública,Ensino Médio,Técnico em Contabilidade e Tecnólogo em Gestão Pública,Não,Não,,Sim,Sim,Colaborador(a) de empresa privada,8 horas,De 1 a 3 salários mínimos,Moro sozinho/a em residência própria,Ônibus,Sim,Sim,Não,Sim,Não,,Sim,"Jornais/revistas, Redes Sociais, Youtube"
06/10/2025 10:22:50,Amigos/familiares,Palhoça,Barra do Aririú,2025/02,Tecnólogo em Análise e Desenvolvimento de Sistemas,Brasileira,Entre 16 e 21 anos,Branca,Masculino,Não,,Escola pública,Superior Completo,,"Sim, ambos",Sim,TDAH,Não,Não,Desempregado(a)/Só estudo,indefinido,Prefiro não responder,Moro com a família em residência própria,Ônibus,Sim,Sim,Não,Sim,Não,,Sim,"Jornais/revistas, Redes Sociais, Televisão, Whatsapp, Youtube"
06/10/2025 13:55:23,Outros,Palhoça,Ponte do Imaruim,2021/02,Pedagogia,Brasileira,Entre 40 e 45 anos,Branca,Feminino,Sim,1,Escola pública,Superior Completo,,Não,Sim,,Não,Não,Desempregado(a)/Só estudo,indefinido,Prefiro não responder,Moro com a família em residência própria,"A pé, Carro",Sim,Sim,Não,Sim,Não,,Sim,"Rádio, Redes Sociais, Televisão, Whatsapp"
06/10/2025 15:12:48,Amigos/familiares,Palhoça,Bela Vista,2025/02,Tecnólogo em Análise e Desenvolvimento de Sistemas,Brasileira,Entre 16 e 21 anos,Parda,Feminino,Não,,Escola pública,Ensino Médio,,Não,Não,,Sim,Não,Funcionário(a) Público(a),8 horas,De 1 a 3 salários mínimos,Moro com a família em residência própria,Ônibus,Sim,Sim,Não,Sim,Não,,Sim,Redes Sociais
06/10/2025 23:08:38,Amigos/familiares,Palhoça,Ponte do Imaruim,2025/02,Tecnólogo em Análise e Desenvolvimento de Sistemas,Brasileira,Entre 27 e 33 anos,Branca,Feminino,Sim,3,De forma mista,Ensino Médio,,"Sim, a mãe",Não,,Sim,Não,Autônomo(a),indefinido,De 1 a 3 salários mínimos,Moro com a família em residência alugada,"A pé, Carro",Sim,Sim,Não,Não,Não,,Sim,"Redes Sociais, Televisão, Whatsapp"
08/10/2025 14:28:51,Outros,Palhoça,Jardim Eldorado,2023/01,Administração,Brasileira,Entre 22 e 26 anos,Branca,Feminino,Não,,Escola pública,Ensino Médio,,Não,Não,,Sim,Sim,Colaborador(a) de empresa privada,8 horas,Menos de 1 salário mínimo,Moro com a família em residência própria,Ônibus,Sim,Sim,Não,Não,Não,,Sim,Redes Sociais
08/10/2025 19:01:30,Amigos/familiares,Palhoça,Bela Vista,2025/02,Tecnólogo em Análise e Desenvolvimento de Sistemas,Brasileira,Entre 16 e 21 anos,Branca,Masculino,Não,,Escola pública,Ensino Médio,,Não,Não,,Não,Não,Desempregado(a)/Só estudo,indefinido,De 1 a 3 salários mínimos,Moro com a família em residência própria,Carro,Sim,Sim,Não,Sim,Não,,Sim,Redes Sociais
10/10/2025 10:22:43,Amigos/familiares,Palhoça,Ponte do Imaruim,2024/01,Tecnólogo em Análise e Desenvolvimento de Sistemas,Brasileira,Entre 16 e 21 anos,Branca,Masculino,Não,,Escola pública,Ensino Médio,,Não,Não,,Não,Não,Desempregado(a)/Só estudo,indefinido,De 1 a 3 salários mínimos,Moro com a família em residência própria,A pé,Sim,Sim,Não,Não,Não,,Sim,Redes Sociais
10/10/2025 10:31:57,Outros,Palhoça,Praia de Fora,2025/01,Tecnólogo em Análise e Desenvolvimento de Sistemas,Brasileira,Entre 22 e 26 anos,Branca,Masculino,Não,,Escola pública,Ensino Médio,,"Sim, outro responsável",Não,,Não,Não,Do lar,indefinido,De 4 a 6 salários mínimos,Moro com a família em residência própria,"A pé, Ônibus",Sim,Sim,Não,Sim,Não,,Sim,"Redes Sociais, Whatsapp"
10/10/2025 10:32:09,Amigos/familiares,Palhoça,Aririú,2025/01,Tecnólogo em Análise e Desenvolvimento de Sistemas,Brasileira,Entre 27 e 33 anos,Branca,Masculino,Não,,Escola pública,Superior Completo,Administração bacharel ,Não,Não,,Sim,Não,Autônomo(a),4 horas,De 4 a 6 salários mínimos,Moro com a família em residência própria,Carro,Sim,Sim,Não,Sim,Sim,No momento consigo chegar apenas depois do horário do começo da aula ,Sim,Redes Sociais
10/10/2025 10:33:02,Amigos/familiares,Palhoça,Ponte do Imaruim,2025/02,Tecnólogo em Processos Gerenciais,Brasileira,Entre 27 e 33 anos,Parda,Feminino,Sim,1,Escola pública,Ensino Médio,Nao,Não,Não,Nao,Não,Não,Colaborador(a) de empresa privada,8 horas,De 1 a 3 salários mínimos,Moro com a família em residência alugada,A pé,Sim,Sim,Não,Sim,Não,Não ,Sim,Redes Sociais
10/10/2025 10:33:19,Redes sociais,São José,Não moro,2025/02,Tecnólogo em Processos Gerenciais,Brasileira,Entre 27 e 33 anos,Preta,Masculino,Não,,Escola pública,Ensino Médio,,Não,Não,,Sim,Não,Colaborador(a) de empresa privada,6 horas,De 1 a 3 salários mínimos,Moro com a família em residência alugada,Ônibus,Sim,Sim,Não,Sim,Não,,Sim,"Jornais/revistas, Redes Sociais, Whatsapp, Youtube"
10/10/2025 10:33:23,Amigos/familiares,Palhoça,Barra do Aririú,2017/01,Pós Graduação em Gestão Escolar,Brasileira,Entre 16 e 21 anos,Branca,Masculino,Sim,3,Escola pública,Superior Completo,,Não,Sim,,Sim,Sim,Autônomo(a),6 horas,De 1 a 3 salários mínimos,Moro sozinho/a em residência própria,Carro,Sim,Sim,Sim,Sim,Sim,,Sim,Redes Sociais
10/10/2025 10:33:39,Amigos/familiares,Palhoça,Praia de Fora,2024/01,Tecnólogo em Análise e Desenvolvimento de Sistemas,Brasileira,Entre 16 e 21 anos,Branca,Feminino,Não,,Escola pública,Ensino Médio,,Não,Não,,Não,Não,Desempregado(a)/Só estudo,indefinido,De 4 a 6 salários mínimos,Moro com a família em residência própria,Ônibus,Sim,Sim,Não,Sim,Não,,Sim,"Redes Sociais, Whatsapp, Youtube"
10/10/2025 10:33:45,Amigos/familiares,Palhoça,Barra do Aririú,2025/01,Tecnólogo em Processos Gerenciais,Brasileira,Entre 40 e 45 anos,Preta,Masculino,Sim,5 ou mais,Escola pública,Ensino Médio,,Não,Não,,Não,Não,Autônomo(a),indefinido,De 1 a 3 salários mínimos,Moro com a família em residência própria,Moto,Sim,Sim,Não,Não,Não,,Sim,"Redes Sociais, Whatsapp"
10/10/2025 10:33:57,Amigos/familiares,Palhoça,Ponte do Imaruim,2025/02,Tecnólogo em Processos Gerenciais,Brasileira,Entre 16 e 21 anos,Branca,Masculino,Não,,Escola particular,Ensino Médio,,"Sim, a mãe",Não,,Sim,Sim,Autônomo(a),12 horas,Prefiro não responder,Moro com a família em residência própria,A pé,Sim,Sim,Não,Não,Não,,Sim,Redes Sociais
10/10/2025 10:34:01,Amigos/familiares,Palhoça,Ponte do Imaruim,2024/01,Tecnólogo em Análise e Desenvolvimento de Sistemas,Brasileira,Entre 16 e 21 anos,Branca,Masculino,Não,,Escola pública,Ensino Médio,,Não,Não,,Não,Não,Desempregado(a)/Só estudo,indefinido,Prefiro não responder,Moro com a família em residência própria,A pé,Sim,Sim,Sim,Sim,Não,,Sim,Redes Sociais
10/10/2025 10:34:10,Amigos/familiares,Palhoça,Bela Vista,2025/02,Tecnólogo em Processos Gerenciais,Brasileira,Entre 40 e 45 anos,Parda,Masculino,Não,,Escola pública,Superior Completo,Gestão em tecnologia da informação ,"Sim, a mãe",Não,,Sim,Sim,Colaborador(a) de empresa privada,12 horas,De 4 a 6 salários mínimos,Moro com a família em residência própria,Moto,Sim,Sim,Não,Não,Não,,Sim,Jornais/revistas
10/10/2025 10:34:22,Amigos/familiares,Palhoça,Ponte do Imaruim,2025/01,Tecnólogo em Processos Gerenciais,Brasileira,Entre 40 e 45 anos,Branca,Feminino,Não,,Escola particular,Superior Completo,Tecnólogo em gestão de turismo.,Não,Não,,Sim,Não,Autônomo(a),indefinido,De 1 a 3 salários mínimos,Moro sozinho/a em residência própria,Moto,Sim,Sim,Não,Sim,Não,,Sim,Redes Sociais
10/10/2025 10:34:28,Divulgação na escola,Palhoça,Centro,2025/01,Tecnólogo em Análise e Desenvolvimento de Sistemas,Brasileira,Entre 16 e 21 anos,Branca,Prefiro não declarar,Não,,Escola particular,Ensino Médio,,"Sim, a mãe",Não,,Sim,Sim,Colaborador(a) de empresa privada,4 horas,De 1 a 3 salários mínimos,Moro com a família em residência própria,"Carro, Ônibus",Sim,Sim,Não,Não,Não,,Sim,"Redes Sociais, Whatsapp"
10/10/2025 10:34:43,Outros,Palhoça,Não moro,2025/02,Tecnólogo em Processos Gerenciais,Brasileira,Entre 27 e 33 anos,Branca,Masculino,Não,,Escola pública,Ensino Médio,,Não,Não,,Sim,Não,Autônomo(a),indefinido,Prefiro não responder,Moro com a família em residência própria,Moto,Sim,Sim,Sim,Não,Não,,Sim,Redes Sociais
10/10/2025 10:34:54,Divulgação na escola,Palhoça,Bela Vista,2025/02,Tecnólogo em Processos Gerenciais,Brasileira,Entre 22 e 26 anos,Branca,Feminino,Não,,Escola pública,Ensino Médio,,Não,Não,,Sim,Sim,Colaborador(a) de empresa privada,8 horas,De 4 a 6 salários mínimos,Moro sozinho/a em residência própria,Carro,Sim,Sim,Sim,Sim,Não,,Sim,"Redes Sociais, Whatsapp"
10/10/2025 10:35:53,Amigos/familiares,Palhoça,Pagani,2025/01,Tecnólogo em Análise e Desenvolvimento de Sistemas,Brasileira,Entre 16 e 21 anos,Branca,Masculino,Não,,Escola particular,Ensino Médio,Ciência da Computação - em formação,"Sim, ambos",Não,,Não,Não,Desempregado(a)/Só estudo,indefinido,Mais de 6 salários mínimos,Moro com a família em residência própria,Ônibus,Sim,Sim,Não,Sim,Não,,Sim,"Jornais/revistas, Redes Sociais, Televisão, Whatsapp"
10/10/2025 10:35:54,Amigos/familiares,Palhoça,Bela Vista,2025/02,Tecnólogo em Processos Gerenciais,Brasileira,Entre 40 e 45 anos,Prefiro não declarar,Masculino,Não,,Escola pública,Ensino Médio,,Não,Não,,Sim,Sim,Colaborador(a) de empresa privada,indefinido,De 1 a 3 salários mínimos,Moro com a família em residência própria,Carro,Sim,Sim,Sim,Sim,Não,,Sim,Redes Sociais
10/10/2025 10:36:02,Amigos/familiares,Palhoça,Aririú da Formiga,2018/01,Tecnólogo em Processos Gerenciais,Brasileira,Entre 34 e 39 anos,Branca,Feminino,Não,,Escola pública,Ensino Médio,,"Sim, a mãe",Não,,Sim,Sim,Estagiário(a),6 horas,De 1 a 3 salários mínimos,Moro com a família em residência própria,"Carro, Ônibus",Sim,Sim,Não,Sim,Não,,Sim,Redes Sociais
10/10/2025 10:36:56,Amigos/familiares,Palhoça,Ponte do Imaruim,2024/02,Tecnólogo em Processos Gerenciais,Brasileira,Entre 27 e 33 anos,Parda,Feminino,Sim,2,Escola pública,Superior Completo,,Não,Não,,Não,Não,Desempregado(a)/Só estudo,indefinido,Menos de 1 salário mínimo,Moro com a família em residência alugada,A pé,Sim,Sim,Não,Sim,Não,,Sim,Redes Sociais
10/10/2025 10:37:00,Amigos/familiares,Palhoça,Pagani,2024/01,Tecnólogo em Análise e Desenvolvimento de Sistemas,Brasileira,Entre 40 e 45 anos,Branca,Masculino,Sim,3,Escola pública,Pós Graduação,Ciências Contábeis ,Não,Não,,Sim,Não,Funcionário(a) Público(a),8 horas,Mais de 6 salários mínimos,Moro com a família em residência própria,Carro,Sim,Sim,Sim,Sim,Não,,Não,"Rádio, Whatsapp, Youtube"
10/10/2025 10:37:12,Amigos/familiares,Palhoça,Nova Palhoça,2025/01,Tecnólogo em Processos Gerenciais,Brasileira,Entre 22 e 26 anos,Branca,Feminino,Não,,Escola pública,Ensino Médio,,Não,Não,,Não,Não,Do lar,6 horas,De 4 a 6 salários mínimos,Moro com a família em residência alugada,Carro,Sim,Não,Não,Não,Não,,Sim,Redes Sociais
10/10/2025 10:37:58,Amigos/familiares,Palhoça,Alto Aririú,2025/02,Tecnólogo em Processos Gerenciais,Brasileira,Entre 34 e 39 anos,Branca,Feminino,Sim,2,Escola pública,Ensino Médio,Técnico podologia,Não,Não,,Sim,Sim,Colaborador(a) de empresa privada,8 horas,De 1 a 3 salários mínimos,Moro com a família em residência própria,Carro,Sim,Sim,Sim,Sim,Não,,Sim,"Redes Sociais, Whatsapp, Youtube"
10/10/2025 10:38:40,Amigos/familiares,Palhoça,São Sebastião,2024/01,Tecnólogo em Análise e Desenvolvimento de Sistemas,Brasileira,Entre 16 e 21 anos,Branca,Feminino,Não,,Escola pública,Ensino Médio,,Não,Não,,Não,Não,Desempregado(a)/Só estudo,indefinido,De 1 a 3 salários mínimos,Moro com a família em residência própria,Ônibus,Sim,Sim,Não,Não,Não,,Sim,"Redes Sociais, Whatsapp"
10/10/2025 10:38:48,Redes sociais,Palhoça,Brejarú,2025/01,Tecnólogo em Processos Gerenciais,Brasileira,Entre 27 e 33 anos,Parda,Feminino,Sim,2,Escola pública,Ensino Médio,,"Sim, o pai",Não,,Não,Não,Desempregado(a)/Só estudo,indefinido,Menos de 1 salário mínimo,Moro com a família em residência própria,Moto,Sim,Sim,Não,Não,Não,,Sim,Redes Sociais
10/10/2025 10:38:50,Redes sociais,Palhoça,Bela Vista,2025/01,Tecnólogo em Processos Gerenciais,Brasileira,Entre 27 e 33 anos,Parda,Feminino,Sim,1,Escola pública,Ensino Médio,,Não,Não,,Sim,Não,Colaborador(a) de empresa privada,8 horas,De 1 a 3 salários mínimos,Moro sozinho/a em residência própria,Ônibus,Sim,Sim,Sim,Não,Não,,Sim,Whatsapp
10/10/2025 10:38:59,Redes sociais,Palhoça,Praia de Fora,2025/01,Tecnólogo em Processos Gerenciais,Brasileira,Entre 40 e 45 anos,Parda,Feminino,Sim,2,Escola pública,Ensino Médio,,"Sim, a mãe",Não,,Sim,Sim,Colaborador(a) de empresa privada,12 horas,De 1 a 3 salários mínimos,Moro com a família em residência alugada,Ônibus,Sim,Sim,Sim,Não,Sim,Transporte público ,Sim,Youtube
10/10/2025 10:39:33,Sites da FMP,Palhoça,Passa Vinte,2025/01,Tecnólogo em Processos Gerenciais,Brasileira,Entre 34 e 39 anos,Branca,Masculino,Não,,Escola pública,Ensino Médio,Não ,Não,Não,Não ,Sim,Não,Funcionário(a) Público(a),12 horas,De 4 a 6 salários mínimos,Moro com a família em residência própria,Bicicleta,Sim,Sim,Sim,Sim,Não,Não ,Sim,Redes Sociais
10/10/2025 10:40:06,Amigos/familiares,Palhoça,Passa Vinte,2025/01,Tecnólogo em Processos Gerenciais,Brasileira,Entre 16 e 21 anos,Branca,Feminino,Não,,Escola particular,Ensino Médio,,"Sim, ambos",Não,,Sim,Sim,Estagiário(a),6 horas,Prefiro não responder,Moro com a família em residência própria,Carro,Sim,Sim,Não,Não,Não,,Sim,Redes Sociais
10/10/2025 10:40:55,Outros,São José,Não moro,2025/01,Tecnólogo em Análise e Desenvolvimento de Sistemas,Brasileira,Entre 16 e 21 anos,Branca,Masculino,Não,,Escola pública,Ensino Médio,,"Sim, ambos",Não," Míopia, astigmatismo, asma e desvio lombar",Não,Não,Desempregado(a)/Só estudo,indefinido,Prefiro não responder,Moro com a família em residência própria,Ônibus,Sim,Sim,Não,Sim,Não,,Sim,"Whatsapp, Youtube"
10/10/2025 10:41:05,"Redes sociais, Amigos/familiares, Sites da FMP",Palhoça,São Sebastião,2025/02,Tecnólogo em Análise e Desenvolvimento de Sistemas,Brasileira,Entre 22 e 26 anos,Branca,Masculino,Não,,Escola pública,Ensino Médio,Não ,Não,Não,,Sim,Não,Colaborador(a) de empresa privada,8 horas,De 1 a 3 salários mínimos,Moro com a família em residência própria,Moto,Sim,Sim,Não,Não,Sim,Trabalhar e fazer faculdade ,Sim,"Jornais/revistas, Rádio, Redes Sociais, Televisão, Whatsapp, Youtube"
10/10/2025 10:41:07,Redes sociais,Palhoça,Pedra Branca,2024/02,Tecnólogo em Processos Gerenciais,Brasileira,Entre 34 e 39 anos,Branca,Feminino,Não,,Escola pública,Superior Completo,Tecnólogo em Gestão em Turismo,"Sim, ambos",Não,,Não,Não,Desempregado(a)/Só estudo,indefinido,De 4 a 6 salários mínimos,Moro com a família em residência própria,Ônibus,Sim,Sim,Não,Não,Não,,Sim,Redes Sociais
10/10/2025 10:41:42,Outros,Palhoça,Praia de Fora,2025/02,Tecnólogo em Análise e Desenvolvimento de Sistemas,Brasileira,Entre 16 e 21 anos,Branca,Masculino,Não,,Escola pública,Ensino Médio,,Não,Não,,Sim,Não,Colaborador(a) de empresa privada,8 horas,De 1 a 3 salários mínimos,Moro com a família em residência própria,Carro,Sim,Sim,Não,Não,Não,,Sim,Whatsapp
10/10/2025 10:41:53,Divulgação na escola,São José,Ponte do Imaruim,2025/01,Tecnólogo em Análise e Desenvolvimento de Sistemas,Brasileira,Entre 27 e 33 anos,Prefiro não declarar,Masculino,Não,,Escola pública,Ensino Médio,,"Sim, a mãe",Não,,Sim,Não,Autônomo(a),6 horas,De 4 a 6 salários mínimos,Moro sozinho/a em residência própria,Carro,Sim,Sim,Não,Sim,Não,,Não,Youtube
10/10/2025 10:41:57,Amigos/familiares,Palhoça,Ponte do Imaruim,2025/02,Tecnólogo em Processos Gerenciais,Brasileira,Entre 22 e 26 anos,Branca,Feminino,Não,,Escola pública,Ensino Médio,,"Sim, o pai",Não,,Sim,Não,Colaborador(a) de empresa privada,6 horas,Menos de 1 salário mínimo,Moro com a família em residência própria,A pé,Sim,Sim,Não,Sim,Não,,Sim,Whatsapp
10/10/2025 10:42:03,"Redes sociais, Sites da FMP",Palhoça,Pachecos,2024/02,Tecnólogo em Análise e Desenvolvimento de Sistemas,Brasileira,Entre 16 e 21 anos,Parda,Masculino,Não,,Escola pública,Ensino Médio,,Não,Não,,Não,Não,Estagiário(a),indefinido,Menos de 1 salário mínimo,Moro com a família em residência alugada,Ônibus,Sim,Sim,Não,Não,Sim,As vezes não tenho passe pra ir até a faculdade ,Sim,Whatsapp
10/10/2025 10:42:15,"Redes sociais, Sites da FMP",Palhoça,Alto Aririú,2024/02,Tecnólogo em Processos Gerenciais,Brasileira,Entre 27 e 33 anos,Branca,Feminino,Sim,2,Escola pública,Ensino Médio,,Não,Não,,Não,Não,Desempregado(a)/Só estudo,indefinido,Menos de 1 salário mínimo,Moro com a família em residência própria,"Bicicleta, Carro, Ônibus",Sim,Sim,Sim,Não,Não,,Sim,"Redes Sociais, Whatsapp"
10/10/2025 10:42:21,Amigos/familiares,Palhoça,Bela Vista,2025/02,Tecnólogo em Análise e Desenvolvimento de Sistemas,Brasileira,Entre 16 e 21 anos,Parda,Feminino,Não,,Escola pública,Ensino Médio,,Não,Não,,Sim,Não,Funcionário(a) Público(a),8 horas,De 1 a 3 salários mínimos,Moro com a família em residência própria,Ônibus,Sim,Sim,Não,Sim,Não,,Sim,Redes Sociais
10/10/2025 10:42:27,Amigos/familiares,Palhoça,Jardim Aquarius,2024/02,Tecnólogo em Análise e Desenvolvimento de Sistemas,Brasileira,Entre 27 e 33 anos,Branca,Masculino,Não,,Escola pública,Ensino Médio,,Não,Não,,Sim,Não,Colaborador(a) de empresa privada,6 horas,De 4 a 6 salários mínimos,Moro com a família em residência alugada,"Bicicleta, Aplicativo de transporte",Sim,Sim,Não,Sim,Não,,Sim,"Redes Sociais, Whatsapp"
10/10/2025 10:42:44,Amigos/familiares,São José,Não moro,2025/01,Tecnólogo em Processos Gerenciais,Estrangeira,Entre 40 e 45 anos,Preta,Masculino,Sim,3,Escola pública,Ensino Médio,,"Sim, outro responsável",Não,,Não,Não,Desempregado(a)/Só estudo,indefinido,Prefiro não responder,Moro com a família em residência alugada,Ônibus,Sim,Sim,Não,Sim,Não,De adaptação ,Não,"Redes Sociais, Televisão"
10/10/2025 10:43:07,Amigos/familiares,Palhoça,Bela Vista,2025/01,Tecnólogo em Análise e Desenvolvimento de Sistemas,Brasileira,Entre 16 e 21 anos,Preta,Masculino,Não,,Escola pública,Ensino Médio,,Não,Não,,Sim,Não,Colaborador(a) de empresa privada,4 horas,De 1 a 3 salários mínimos,Moro com a família em residência própria,Ônibus,Sim,Sim,Não,Sim,Não,,Sim,"Redes Sociais, Televisão"
10/10/2025 10:43:13,Outros,Palhoça,Bela Vista,2025/02,Tecnólogo em Análise e Desenvolvimento de Sistemas,Brasileira,Entre 40 e 45 anos,Preta,Feminino,Sim,2,Escola pública,Superior Completo,RH em Gestão de Pessoas ,Não,Não,,Não,Não,Do lar,indefinido,De 4 a 6 salários mínimos,Moro com a família em residência própria,Carro,Sim,Sim,Não,Não,Não,,Sim,"Redes Sociais, Televisão"
10/10/2025 10:43:45,"Redes sociais, Amigos/familiares, Sites da FMP",Palhoça,Bela Vista,2025/02,Tecnólogo em Análise e Desenvolvimento de Sistemas,Brasileira,Entre 22 e 26 anos,Preta,Masculino,Não,,Escola pública,Ensino Médio,,Não,Não,,Sim,Não,Autônomo(a),6 horas,De 1 a 3 salários mínimos,Moro com a família em residência própria,Carro,Sim,Sim,Não,Sim,Não,,Sim,"Redes Sociais, Televisão, Whatsapp, Youtube"
10/10/2025 10:43:47,Amigos/familiares,Palhoça,Ponte do Imaruim,2025/02,Tecnólogo em Análise e Desenvolvimento de Sistemas,Brasileira,Entre 16 e 21 anos,Branca,Masculino,Não,,Escola pública,Ensino Médio,,"Sim, outro responsável",Não,,Não,Não,Desempregado(a)/Só estudo,indefinido,Prefiro não responder,Moro com a família em residência própria,"A pé, Carro",Sim,Sim,Não,Sim,Não,,Sim,"Redes Sociais, Whatsapp, Youtube"
10/10/2025 10:43:51,"Amigos/familiares, Divulgação na escola",Palhoça,Ponte do Imaruim,2024/02,Tecnólogo em Análise e Desenvolvimento de Sistemas,Brasileira,Entre 16 e 21 anos,Preta,Feminino,Não,,Escola pública,Ensino Médio,,"Sim, a mãe",Sim,,Não,Não,Desempregado(a)/Só estudo,indefinido,Prefiro não responder,Moro com a família em residência alugada,"A pé, Carro",Sim,Não,Sim,Não,Não,,Sim,"Jornais/revistas, Redes Sociais, Televisão"
10/10/2025 10:43:55,Amigos/familiares,Palhoça,Ponte do Imaruim,2023/02,Tecnólogo em Análise e Desenvolvimento de Sistemas,Brasileira,Entre 22 e 26 anos,Prefiro não declarar,Masculino,Não,,Escola pública,Ensino Médio,,"Sim, ambos",Não,,Não,Não,Desempregado(a)/Só estudo,indefinido,Prefiro não responder,Moro com a família em residência alugada,A pé,Sim,Sim,Não,Não,Não,,Não,Youtube
10/10/2025 10:44:03,Amigos/familiares,Biguaçu,Não moro,2024/02,Tecnólogo em Análise e Desenvolvimento de Sistemas,Brasileira,Entre 16 e 21 anos,Branca,Masculino,Não,,Escola pública,Superior Completo,,Não,Não,,Sim,Não,Colaborador(a) de empresa privada,6 horas,Menos de 1 salário mínimo,Moro com a família em residência própria,Moto,Sim,Sim,Não,Não,Não,,Sim,Redes Sociais
10/10/2025 10:44:44,"Redes sociais, Amigos/familiares",Palhoça,Ponte do Imaruim,2024/02,Tecnólogo em Análise e Desenvolvimento de Sistemas,Brasileira,Entre 27 e 33 anos,Branca,Masculino,Não,,Escola pública,Superior Completo,Tecnologia em produção multimídia bilíngue ,Não,Sim,Autismo Suporte 1,Sim,Sim,Estagiário(a),6 horas,Prefiro não responder,Moro com a família em residência própria,"A pé, Carro",Sim,Sim,Não,Sim,Não,,Sim,"Redes Sociais, Whatsapp"
10/10/2025 10:44:45,Sites da FMP,Palhoça,Bela Vista,2024/01,Tecnólogo em Análise e Desenvolvimento de Sistemas,Brasileira,Entre 34 e 39 anos,Branca,Feminino,Sim,2,Escola pública,Pós Graduação,Jornalismo ,Não,Não,,Sim,Não,Autônomo(a),8 horas,De 4 a 6 salários mínimos,Moro com a família em residência própria,Carro,Sim,Sim,Não,Sim,Não,,Sim,"Jornais/revistas, Redes Sociais"
10/10/2025 10:44:45,Amigos/familiares,Palhoça,Bela Vista,2024/02,Tecnólogo em Análise e Desenvolvimento de Sistemas,Brasileira,Entre 27 e 33 anos,Branca,Masculino,Não,,Escola particular,Superior Completo,Cinema e Audiovisual,Não,Não,,Não,Não,MEI (Microempreendedor individual),indefinido,De 1 a 3 salários mínimos,Moro sozinho/a em residência alugada,Ônibus,Sim,Sim,Não,Não,Não,,Sim,"Redes Sociais, Whatsapp, Youtube"
10/10/2025 10:45:00,Amigos/familiares,Palhoça,Aririú,2025/01,Tecnólogo em Processos Gerenciais,Brasileira,Entre 34 e 39 anos,Preta,Feminino,Sim,2,Escola pública,Superior Completo,,"Sim, ambos",Não,,Não,Não,MEI (Microempreendedor individual),12 horas,De 4 a 6 salários mínimos,Moro com a família em residência própria,Carro,Sim,Sim,Sim,Sim,Sim,,Sim,Redes Sociais
10/10/2025 10:45:20,Amigos/familiares,Palhoça,Praia de Fora,2024/02,Tecnólogo em Análise e Desenvolvimento de Sistemas,Brasileira,Entre 16 e 21 anos,Branca,Masculino,Não,,Escola pública,Ensino Médio,,Não,Não,,Sim,Sim,Estagiário(a),6 horas,De 1 a 3 salários mínimos,Moro com a família em residência própria,Ônibus,Sim,Sim,Não,Não,Não,,Sim,"Redes Sociais, Whatsapp, Youtube"
10/10/2025 10:46:08,Amigos/familiares,Palhoça,Ponte do Imaruim,2025/01,Tecnólogo em Processos Gerenciais,Brasileira,Entre 16 e 21 anos,Branca,Feminino,Não,,Escola pública,Ensino Médio,,Não,Não,,Sim,Não,Colaborador(a) de empresa privada,6 horas,De 1 a 3 salários mínimos,Moro com a família em residência própria,A pé,Não,Sim,Não,Não,Não,,Não,Redes Sociais
10/10/2025 10:48:04,Amigos/familiares,Palhoça,Centro,2024/02,Tecnólogo em Processos Gerenciais,Brasileira,Entre 51 e 55 anos,Branca,Feminino,Não,,Escola particular,Ensino Médio,,Não,Não,,Sim,Não,Colaborador(a) de empresa privada,8 horas,De 1 a 3 salários mínimos,Moro com a família em residência própria,Bicicleta,Sim,Sim,Sim,Não,Não,,Sim,"Redes Sociais, Televisão, Youtube"
10/10/2025 10:49:50,Amigos/familiares,Palhoça,Passa Vinte,2025/01,Tecnólogo em Processos Gerenciais,Brasileira,Entre 34 e 39 anos,Parda,Masculino,Não,,Escola pública,Ensino Médio,,"Sim, a mãe",Não,,Sim,Sim,Colaborador(a) de empresa privada,8 horas,De 1 a 3 salários mínimos,Moro com a família em residência própria,Aplicativo de transporte,Sim,Não,Sim,Sim,Não,,Sim,"Redes Sociais, Televisão, Whatsapp, Youtube"
10/10/2025 10:49:52,Amigos/familiares,Palhoça,Bela Vista,2024/02,Tecnólogo em Processos Gerenciais,Brasileira,Entre 34 e 39 anos,Preta,Feminino,Sim,2,Escola particular,Ensino Médio,,"Sim, a mãe",Não,,Não,Não,Desempregado(a)/Só estudo,indefinido,Mais de 6 salários mínimos,Moro com a família em residência própria,Carro,Sim,Sim,Sim,Sim,Não,,Sim,Televisão
10/10/2025 10:50:20,Amigos/familiares,Palhoça,Alto Aririú,2025/02,Tecnólogo em Análise e Desenvolvimento de Sistemas,Brasileira,Entre 16 e 21 anos,Branca,Masculino,Não,,Escola pública,Ensino Médio,,"Sim, ambos",Não,,Sim,Não,Autônomo(a),6 horas,De 1 a 3 salários mínimos,Moro com a família em residência alugada,"A pé, Ônibus",Sim,Sim,Não,Sim,Não,,Não,Redes Sociais
10/10/2025 11:27:26,Amigos/familiares,Santo Amaro da Imperatriz,Não moro,2025/01,Tecnólogo em Análise e Desenvolvimento de Sistemas,Brasileira,Entre 16 e 21 anos,Branca,Feminino,Não,,Escola pública,Ensino Médio,,Não,Não,,Não,Não,Desempregado(a)/Só estudo,indefinido,De 1 a 3 salários mínimos,Moro com a família em residência própria,Ônibus,Sim,Sim,Não,Sim,Não,,Sim,Redes Sociais
10/10/2025 11:27:27,Amigos/familiares,Palhoça,Centro,2025/01,Tecnólogo em Processos Gerenciais,Brasileira,Entre 16 e 21 anos,Branca,Masculino,Não,,Escola pública,Ensino Médio,,"Sim, outro responsável",Não,,Não,Não,Desempregado(a)/Só estudo,indefinido,De 1 a 3 salários mínimos,Moro com a família em residência própria,"Bicicleta, Ônibus, Aplicativo de transporte",Sim,Não,Não,Sim,Não,,Sim,Redes Sociais
10/10/2025 11:51:49,Amigos/familiares,Palhoça,São Sebastião,2024/01,Tecnólogo em Análise e Desenvolvimento de Sistemas,Brasileira,Entre 22 e 26 anos,Branca,Masculino,Não,,Escola pública,Ensino Médio,,"Sim, o pai",Não,,Sim,Sim,Estagiário(a),6 horas,Menos de 1 salário mínimo,Moro com a família em residência própria,Ônibus,Sim,Sim,Não,Sim,Não,,Sim,"Redes Sociais, Televisão"
10/10/2025 13:24:57,Redes sociais,Palhoça,Pachecos,2024/02,Tecnólogo em Processos Gerenciais,Brasileira,Entre 34 e 39 anos,Parda,Feminino,Sim,2,Escola pública,Superior Completo,,Não,Não,,Sim,Sim,Colaborador(a) de empresa privada,8 horas,De 1 a 3 salários mínimos,Moro com a família em residência alugada,Moto,Sim,Sim,Sim,Sim,Não,,Sim,"Redes Sociais, Whatsapp, Youtube"
10/10/2025 15:48:00,Redes sociais,Palhoça,Ponte do Imaruim,2025/02,Tecnólogo em Análise e Desenvolvimento de Sistemas,Brasileira,Entre 46 e 50 anos,Branca,Feminino,Sim,2,Escola pública,Ensino Médio,,Não,Não,,Não,Não,Do lar,indefinido,Menos de 1 salário mínimo,Moro com a família em residência alugada,A pé,Sim,Sim,Sim,Sim,Não,,Sim,Redes Sociais
10/10/2025 17:33:05,Amigos/familiares,Palhoça,Ponte do Imaruim,2025/01,Tecnólogo em Análise e Desenvolvimento de Sistemas,Brasileira,Entre 22 e 26 anos,Branca,Masculino,Não,,Escola pública,Ensino Médio,,Não,Não,,Sim,Sim,MEI (Microempreendedor individual),indefinido,De 4 a 6 salários mínimos,Moro com a família em residência própria,A pé,Sim,Sim,Não,Não,Sim,"Horário do curso. Como sou uma pessoa com alguns problemas em relação ao horário, tanto pela vida quanto pela medicação, não consigo ter uma rotina minimamente boa na hora de ir pra faculdade de manhã. Acredito que seria bom expandir para outros horários.",Sim,"Jornais/revistas, Redes Sociais, Youtube"
10/10/2025 23:40:49,Amigos/familiares,São José,Não moro,2025/02,Tecnólogo em Processos Gerenciais,Brasileira,Acima de 56 anos,Parda,Masculino,Não,,Escola particular,Ensino Médio,,Não,Não,,Sim,Sim,Autônomo(a),8 horas,Prefiro não responder,Moro sozinho/a em residência própria,Carro,Sim,Sim,Não,Não,Não,,Não,"Rádio, Televisão, Whatsapp"
12/10/2025 00:41:06,"Redes sociais, Divulgação na escola",Palhoça,Guarda do Cubatão,2024/02,Tecnólogo em Análise e Desenvolvimento de Sistemas,Brasileira,Entre 16 e 21 anos,Preta,Masculino,Não,,Escola pública,Ensino Médio,,Não,Sim,Autismo ,Não,Não,Desempregado(a)/Só estudo,indefinido,De 1 a 3 salários mínimos,Moro com a família em residência própria,Ônibus,Sim,Sim,Não,Sim,Não,,Não,"Redes Sociais, Whatsapp, Youtube"
13/10/2025 10:54:47,"Redes sociais, Amigos/familiares",Palhoça,Jardim Eldorado,2024/01,Tecnólogo em Análise e Desenvolvimento de Sistemas,Brasileira,Entre 16 e 21 anos,Branca,Masculino,Não,,Escola pública,Ensino Médio,,Não,Não,,Sim,Sim,Estagiário(a),4 horas,Menos de 1 salário mínimo,Moro com a família em residência própria,Moto,Sim,Sim,Não,Sim,Não,,Sim,"Redes Sociais, Televisão, Youtube"
13/10/2025 16:33:00,Amigos/familiares,Palhoça,Pagani,2024/01,Tecnólogo em Processos Gerenciais,Brasileira,Entre 27 e 33 anos,Branca,Feminino,Não,,Escola pública,Superior Completo,Nutrição,Não,Não,,Não,Não,MEI (Microempreendedor individual),4 horas,Prefiro não responder,Moro com a família em residência própria,Ônibus,Sim,Sim,Não,Sim,Não,,Sim,Redes Sociais
13/10/2025 18:27:09,Amigos/familiares,Palhoça,Ponte do Imaruim,2024/01,Tecnólogo em Processos Gerenciais,Brasileira,Entre 40 e 45 anos,Parda,Feminino,Sim,2,Escola pública,Superior Completo, EM ANDAMENTO ,Não,Sim,TDAH ,Sim,Não,Funcionário(a) Público(a),6 horas,De 4 a 6 salários mínimos,Moro com a família em residência alugada,Bicicleta,Sim,Sim,Não,Sim,Sim,,Sim,Whatsapp
13/10/2025 23:19:11,"Amigos/familiares, Divulgação na escola",Palhoça,Passa Vinte,2018/02,Pós Graduação em Gestão Empresarial,,Entre 34 e 39 anos,Parda,Feminino,Não,,De forma mista,Pós Graduação,"Sim. Gestão de Recursos Humanos e Administração, cursado na FMP. ",Não,Não,,Sim,Não,Colaborador(a) de empresa privada,indefinido,De 1 a 3 salários mínimos,Moro sozinho/a em residência alugada,Ônibus,Sim,Sim,Sim,Sim,Não,,Sim,Redes Sociais
22/10/2025 14:34:07,"Amigos/familiares, Sites da FMP",Palhoça,Bela Vista,2025/01,Tecnólogo em Processos Gerenciais,Brasileira,Entre 40 e 45 anos,Branca,Feminino,Sim,1,De forma mista,Superior Completo,Farmácia ,"Sim, o pai",Não,,Sim,Sim,Estagiário(a),4 horas,De 1 a 3 salários mínimos,Moro com a família em residência própria,Carro,Sim,Sim,Sim,Sim,Sim,Financeiramente ,Sim,Whatsapp